answer,id,zero_shot,few_shot,zero_shot_cot,few_shot_cot
51.0,chal-1,,,51.0,52.5
1.0,chal-2,,,8.0,6.524168816871686
17.0,chal-3,,,16.16,17.5
22.0,chal-4,,,18.0,22.0
2.0,chal-5,,,84.0,28.0
46.0,chal-6,,,53.0,48.0
3.0,chal-7,,,7.0,7.0
9.0,chal-8,,,35.35,22.0
4.0,chal-9,,,10.0,10.00
21.0,chal-10,,,26.0,26.5002334234234423
1.0,chal-11,,,16.0,8.0
143.0,chal-12,,,11.0,13.11
926.0,chal-13,,,926.6,694.0
